{"robotPoses":[[{"x":0.4877570144669354,"y":0.7047175273930013,"theta":6.278661413758718},{"x":0.4877570144669354,"y":0.7047175273930013,"theta":6.278661413758718}]],"obstacles":[],"colorAreas":[]}