{"robotPoses":[[{"x":0.20097560975609755,"y":0.14600800304878048,"theta":0},{"x":0.20097560975609755,"y":0.14600800304878048,"theta":0}]],"obstacles":[],"colorAreas":[]}