{"robotPoses":[[{"x":0.46846643821584005,"y":0.7509518691143081,"theta":4.539199260577529},{"x":0.20318377263413592,"y":0.2923474521650678,"theta":0}]],"obstacles":[],"colorAreas":[]}