{"robotPoses":[[{"x":0.46365433009337065,"y":0.3201441260482963,"theta":6.278661413758718},{"x":0.46365433009337065,"y":0.3201441260482963,"theta":6.278661413758718}]],"obstacles":[],"colorAreas":[]}