{"robotPoses":[[{"x":0.25531761990536495,"y":0.815396656781968,"theta":6.278661413758718},{"x":0.25531761990536495,"y":0.815396656781968,"theta":6.278661413758718}]],"obstacles":[],"colorAreas":[]}