{"robotPoses":[[{"x":0.335948702387743,"y":0.4565077624119327,"theta":6.278661413758718},{"x":0.335948702387743,"y":0.4565077624119327,"theta":6.278661413758718}]],"obstacles":[],"colorAreas":[]}