{"robotPoses":[[{"x":0.2,"y":0.3125,"theta":0},{"x":0.2,"y":0.3125,"theta":0}]],"obstacles":[{"x":0.7733333333333333,"y":0.6041666666666666,"w":0.13333333333333333,"h":0.20833333333333334,"theta":0,"color":"#33B8CA","form":"RECTANGLE","type":"OBSTACLE"}],"colorAreas":[]}