{"robotPoses":[[{"x":0.13713945141599646,"y":0.7595195738069664,"theta":0},{"x":0.13713945141599646,"y":0.7595195738069664,"theta":0}]],"obstacles":[{"x":0.4875584431753392,"y":0.03478849859589043,"w":0.07510355447270903,"h":0.10053620445672008,"theta":0,"color":"#F00","form":"RECTANGLE","type":"OBSTACLE"}],"colorAreas":[{"x":0.8213953487353098,"y":0.21776075351945495,"w":0.07402944061664016,"h":0.04076944060832349,"theta":0,"color":"#FBED00","form":"RECTANGLE","type":"COLORAREA"},{"x":0.7473160934168435,"y":0.01776704543723494,"w":0.2372947467390893,"h":0.06593439380764834,"theta":0,"color":"#FFF","form":"RECTANGLE","type":"COLORAREA"}],"marker":[]}