{"robotPoses":[[{"x":0.34612838254576733,"y":0.4835212548921426,"theta":0.00039095375245423725},{"x":0.3456890331890332,"y":0.4835242882117881,"theta":0}]],"obstacles":[],"colorAreas":[]}